date,trend_Ozempic,trend_semaglutide,trend_Novo Nordisk,trend_weight loss drug,price_raw,price_norm,volume,returns,volatility
2018-01-07,6.490142459033698,6.004714104192056,12.634177090691322,4.475120729913774,22.614599227905277,4.049422428617841,5486800,0.0035714527668612335,
2018-01-14,4.585207096486446,3.1481895608395503,18.133196907952232,2.732764521521466,22.7385368347168,4.15654360378654,7964600,0.00109547557395316,
2018-01-21,6.9430656143020775,6.257231091142584,9.476968595797471,6.60952953071121,23.87464141845703,5.138496227011497,10542600,0.01230429792105555,
2018-01-28,9.569089569224076,0.2397970835702172,7.083947280506694,2.304596054626888,24.019235610961918,5.2634712061334294,11207800,0.0012258000253732397,
2018-02-04,4.297539875829992,0.0,4.852238099489235,5.084543472107384,20.85054397583008,2.524722407968095,21120800,-0.02769631189480982,0.01795304780344515
2018-02-11,4.297589129152458,2.8889046022067624,7.538173604666504,4.972643010067389,20.68529319763184,2.3818936248929337,29724200,-0.0013413877242330202,0.01947838979172292
2018-02-18,9.737638446522174,3.7681308978786143,10.421764625825826,8.257686697494734,21.42479515075684,3.021056509317232,14842000,0.0070777601469151005,0.02141907896097714
2018-02-25,7.302304187458726,2.9346105038118138,17.824882724279004,6.424094698639858,22.27996635437012,3.7601941016768725,17438800,0.009975556745623775,0.021651027860140275
2018-03-04,3.591576842195144,0.0,8.668584826950003,4.924919123764568,20.95795440673828,2.6175588914235175,16199200,-0.01198215057719156,0.02381162089225512
2018-03-11,6.627680130757894,2.821759920974423,11.726560582537118,7.453298897600861,21.01580047607422,2.667556136695317,13892400,0.00056031190189732,0.0185029829689665
2018-03-18,3.609746921562613,0.3910609989902935,10.858095944577352,9.17062264705194,20.83815193176269,2.514011774146838,13252200,-0.00168589926380928,0.01551634655965646
2018-03-25,3.6028107392892297,4.339345097660077,15.769739375547534,6.673430919055587,20.309064865112305,2.0567137045436463,11800600,-0.00509698093776152,0.0140370781307919
2018-04-01,5.725886814698102,3.733196492193696,21.21627473813652,5.031057859530142,20.62737846374512,2.3318370317963586,9876200,0.004016922482924225,0.01215446832714715
2018-04-08,0.0,1.1202404273452895,9.077448695847586,1.064491302949521,20.34256935119629,2.0856721459326084,12023200,-0.0027226028414693406,0.010456922955942
2018-04-15,0.0,1.972266165326613,9.335544770342816,1.8046590107738825,20.585493087768555,2.2956348586834325,10378600,0.0024879484755907,0.0122328369409108
2018-04-22,3.313137412277082,0.8815729562220969,15.562324801578828,4.084325886935997,19.78133583068848,1.6005894030304546,13532400,-0.00790303466510796,0.013116833502605379
2018-04-29,1.9615066389967284,2.874641805453656,14.205626004694622,3.1714633935221506,19.869291305541992,1.6766106694662137,19108000,0.0008967055145572601,0.01203528663100676
2018-05-06,5.942741997785822,4.910284641002477,18.957268102020347,4.439086091043662,20.015884399414062,1.8033133297093793,19412400,0.00161854692366204,0.012173995936239421
2018-05-13,2.275927773436367,1.0285479073289123,13.998530293266905,5.169949774691322,20.560365676879883,2.273916851917055,14351400,0.00542261388117918,0.0120954217765361
2018-05-20,0.7630888959941258,4.008093031035688,10.318027941701644,6.589078263070192,20.40539932250977,2.139977054152684,12004000,-0.0013344529008939598,0.014225220313620921
2018-05-27,9.39694630676466,1.9394847632551184,14.21019438050596,4.788503665822726,19.99075508117676,1.7815936743923166,8880400,-0.00409328084978274,0.013965313977233421
2018-06-03,4.322671098540393,1.4142543354753117,16.37476813295519,6.459504931478605,20.03263664245605,1.8177925504038572,16185400,0.0006085630684950504,0.0143181405503837
2018-06-10,5.202584614063771,2.785939280090884,15.314261288299848,5.1934232444303605,18.818029403686523,0.7679888779538689,19478800,-0.01240388781441876,0.012956671465775699
2018-06-17,0.7257554413596292,0.9295153551612518,14.15380744082642,0.0,18.78033447265625,0.7354085707029265,14520000,-0.0003807243460510999,0.0115360109153312
2018-06-24,3.366851826424452,1.892701389305636,16.48378882764068,2.181993818543737,19.617996215820312,1.4594124677448694,19109000,0.00881120488129678,0.010557872300877898
2018-07-01,5.332767769129598,0.6042442148223031,16.98665118395359,4.567737332835153,19.31643867492676,1.1987716582880208,18574200,-0.0030212085582632994,0.01194793772232866
2018-07-08,1.5470192677330914,6.929450265832779,17.930483539207845,1.370915771476677,20.27555656433105,2.0277519660533048,14683400,0.01220028825953775,0.012611327596018851
2018-07-15,6.127094055037016,3.070527103943457,15.089065878303142,6.799786189988613,20.891237258911133,2.559894236900888,14347200,0.00607925623127984,0.01149904480945564
2018-07-22,3.198083930243585,1.6005489840148288,11.91813275956399,9.592252497031092,21.125782012939453,2.7626148664784393,11695600,0.00227647725482946,0.01192664413124432
2018-07-29,4.12491875062017,3.427959821468444,13.265838579451536,8.65628555509195,21.372892379760746,2.976196147989871,12517400,0.0023411354324393797,0.01082908113919476
2018-08-05,3.1948801633118094,2.77534390061834,17.597398452638508,4.359671387209376,20.94149398803711,2.6033318989843313,17073000,-0.004035150966821019,0.01041835573328624
2018-08-12,10.556834553526812,2.558060800933554,9.595998655542973,9.472178410549857,19.63056182861328,1.4702731196787464,16341200,-0.012505299928155961,0.013858329632973421
2018-08-19,4.959508325786199,4.22833340008685,14.43081332787036,5.446002371606335,20.07391166687012,1.8534671872965616,15068000,0.00454872645629862,0.01654165159961064
2018-08-26,1.826867213132299,4.51501542009461,11.475143595956144,3.988742086645882,20.81410217285156,2.493225198519295,15034000,0.0073102745389746,0.01725571634337164
2018-09-02,7.4676347363095665,1.938997704778945,13.255856889891694,3.1597920093771807,20.797178268432617,2.478597608262879,7317000,-0.00013290305379482019,0.01726613716412976
2018-09-09,1.3374690500869333,1.84836351871064,18.34706380146845,4.092590940535615,20.2853946685791,2.0362551905030557,9193800,-0.006191419206582625,0.015540580397710974
2018-09-16,5.626590785014266,2.449896605696712,14.09003137600571,3.8354695443763136,20.289623260498047,2.0399100273788005,11818600,0.00010708730582821984,0.00998951522638392
2018-09-23,0.0,0.0,13.603760049437527,5.511248667126463,20.158504486083984,1.9265820588690197,12678400,-0.00126932428758708,0.00935932309297406
2018-09-30,1.0154418533047087,0.0,8.070968045780091,5.481721943149593,19.93856239318848,1.7364827333603485,14528800,-0.00215907473772134,0.00878477460465022
2018-10-07,5.590583707607371,5.733748534889049,16.58778562669549,5.009138060460243,18.59353446960449,0.5739544619524526,27083600,-0.013323618962507,0.013124430370978202
2018-10-14,7.215399739986231,6.289935427002567,16.277086840037743,6.31081450923905,17.988691329956055,0.05117925611524107,26239600,-0.0064654423278939195,0.019086348027566518
2018-10-21,5.514104843569911,2.501927920887243,22.44054776158212,8.571938824359023,18.2593936920166,0.28515146108904377,17270600,0.0030590971359483595,0.0204036016327315
2018-10-28,4.653055152835279,4.153113926111533,12.64879468143511,7.848662406323971,17.92947769165039,0.0,14650600,-0.0035718650648705803,0.02051092085514094
2018-11-04,4.096688913232134,3.622500309087072,14.848887684789704,0.5453060946502895,18.492023468017575,0.4862169457756369,14913000,0.0062267831218461005,0.01943816014690224
2018-11-11,0.5644340288977183,9.157761616910475,15.062199861863808,0.0,19.008039474487305,0.9322174975125843,15365000,0.0056205563079420396,0.01320454321446122
2018-11-18,2.840467374815874,5.2391498228691535,20.46685699896152,7.802959733717821,18.682357788085938,0.6507258189513496,11693800,-0.0033791738042337803,0.012255839368283322
2018-11-25,3.618083687120637,2.7441648170384667,13.86824050324665,0.899363904753737,19.105323791503903,1.0163018253643405,12314600,0.005989011359587175,0.0160179736088117
2018-12-02,8.171366678656748,1.0889191187991485,15.457887488762651,4.325703794321949,19.71862030029297,1.5463834078516712,15710200,0.00639662766503044,0.01696578274341084
2018-12-09,6.030854868705385,0.0,16.865766177434285,1.4896609218219217,19.19414710998535,1.0930731823632376,10834400,-0.0067081376678202005,0.017157478713760624
2018-12-16,0.0,3.406927271734446,15.272995384080398,0.0,19.667863845825195,1.5025138254879191,21701200,0.0049807768346160795,0.01657358461808344
2018-12-23,5.972251908184385,1.4872985094313933,12.83320318613969,6.624388184614364,18.8134765625,0.7640537874611301,19054200,-0.00878355289131534,0.0159970828559885
2018-12-30,3.8447531587510495,0.1554925808046516,15.487676368821868,7.27746548090794,19.38447952270508,1.2575804069882621,9298600,0.007584195928284776,0.0133415292283099
2019-01-06,2.969233999082124,1.7068542315149469,19.09822214955456,3.270468797819841,20.023155212402344,1.8095976049328066,10977400,0.008147612895455725,0.0131751089396582
2019-01-13,6.835028866522604,0.8369039927712101,10.790012705358068,0.0,20.534942626953125,2.251943319794006,16669200,0.005089616160814359,0.01280196044095502
2019-01-20,8.092998567487854,6.3742832701451295,15.52033135247665,3.361266655242552,20.323463439941406,2.0691586136888858,15752400,-0.0018600070044919794,0.01476888565679684
2019-01-27,7.7938403573485955,4.763279513898901,12.28034814901929,6.175412016207639,19.60865020751953,1.451334569372678,13448600,-0.00888478516818665,0.014249858761772899
2019-02-03,2.4823474303320845,2.984054717366765,19.953396677362186,0.5632652936776132,20.56031990051269,2.273877286700535,14948400,0.0096005907745441,0.013400893799468438
2019-02-10,4.072362872446356,5.959888277780052,9.172841295414552,5.550079759337467,20.687211990356445,2.383552066885262,13374000,0.00123691492278144,0.01438397843385614
2019-02-17,5.993790294210692,3.1547366152952367,13.122280278350138,4.954070452481013,21.29627799987793,2.909977163946157,13911800,0.0058653734025867,0.012473074050381899
2019-02-24,7.926635381367078,1.277431597343473,16.95919392058141,6.737874498803265,21.05518913269043,2.701600356957383,10532000,-0.002826329998185425,0.011024239319114325
2019-03-03,3.56247728646413,6.046248154539315,21.80482129014752,5.358741105242459,20.97905540466309,2.6357968076871026,14184200,-0.00069549760529222,0.01013622839155806
2019-03-10,4.4430230700085485,4.077820087369317,15.372102881805048,2.080793177355333,21.01289749145508,2.6650470425478763,10623200,0.0003597072674257597,0.00878586229950596
2019-03-17,1.6809950779819154,0.9255076913470872,13.50668457221104,8.589714504993474,21.524681091308597,3.1073894603077,8413200,0.0048454834155791,0.00859213075694526
2019-03-24,1.4113801277579876,2.6193226438327835,23.34448970963303,4.5244112809190895,21.782207489013672,3.329973477127398,13507600,0.0024436340411266,0.00848695091239154
2019-03-31,7.437577467182594,1.2487634932304856,10.12018458309253,4.9180863814702045,22.46504211425781,3.9201579206052024,12644400,0.00621064516674462,0.009178172039198079
2019-04-07,9.068720085712467,0.2344005380713278,7.209395111164014,2.200196122780412,21.79938125610352,3.3448170275239746,12182400,-0.005964069340173859,0.009209838566771619
2019-04-14,4.783969635258998,4.852355095063283,17.857055490744504,3.670153246425469,21.56317710876465,3.1406621588476837,15957400,-0.00214222160269898,0.00970790026019812
2019-04-21,8.010598693676073,6.818833280940261,14.181159546007567,2.345591857919297,20.78156280517578,2.4651009237785666,10885800,-0.009141313536066226,0.01006329278699245
2019-04-28,6.084908075142902,0.2028648523617175,12.196823927781995,4.481161820229731,21.013471603393555,2.665543256305022,13406200,0.0022508719798858,0.00950373144348258
2019-05-05,3.0646407361846277,4.125938473381142,19.2075597383891,10.13512544042703,20.39504814147949,2.131030369567804,14407800,-0.0058712405450626805,0.00993752312978366
2019-05-12,6.084186816525242,1.698714861756346,17.441715557163317,0.8842965712059314,20.73432159423828,2.4242696203331713,15999800,0.0033505619300303996,0.01112194394018458
2019-05-19,9.614109699397908,2.025749232470608,14.302576932018445,0.1593158063697766,20.094423294067383,1.8711957013974865,10089600,-0.00622631077426946,0.01141296938962418
2019-05-26,4.892521882670145,1.8152121515222617,11.530052613168614,9.413510982480826,20.867454528808597,2.5393384583696967,15153000,0.00759795569719932,0.011121637622993761
2019-06-02,9.693930967442018,1.272018460640368,20.23347827385961,4.372028968544401,20.2705078125,2.023388252381636,7194000,-0.0071864541977371505,0.011647317798514875
2019-06-09,0.0,3.097043255889654,19.436832425460512,2.9927817840202504,21.18525505065918,2.814018325487276,16201200,0.00893298495137082,0.01210122185421296
2019-06-16,7.465707513125672,1.3380997671779244,16.53170301139517,8.11971406218823,21.88527107238769,3.419052913564407,17943600,0.006720023470886041,0.013706255496749281
2019-06-23,5.261141204714514,3.540913651559677,24.4073332035902,3.183153380789408,21.833738327026367,3.3745123710705602,15461800,-0.0003512080187783997,0.01497687368704174
2019-06-30,4.102977948602398,2.8995237811017263,12.832824906981765,10.478029140640809,21.91963005065918,3.448749905661687,10513800,0.0007976245789487202,0.01526279541843074
2019-07-07,5.275282329606507,2.5221039062671804,11.103442041474256,7.033777614017807,21.72637176513672,3.2817138042809635,6970400,-0.002055768690375376,0.01432585112248865
2019-07-14,0.0,1.1848726759168042,14.530289198535067,3.536265775562892,20.41652107238769,2.1495897532155857,19394000,-0.01225223507835132,0.014662613386392919
2019-07-21,4.340984336487464,1.8464573388633343,17.207956165524894,11.47192463979651,20.609777450561523,2.3166242060456246,18718800,0.0019038057861205798,0.01422793096692182
2019-07-28,6.07133771453524,4.510782451651512,18.456036781124485,3.182855230989985,20.974815368652344,2.6321320795072256,18562800,0.0035697753209274602,0.01351052901084282
2019-08-04,9.433682134224547,4.0018343752487615,16.61011350529523,7.2262861160279215,20.92328453063965,2.5875931855640637,14222600,-0.00043826327272105997,0.013991601496014661
2019-08-11,3.445189345179058,1.044889510402898,19.075658075664577,5.897877741219476,21.588943481445312,3.1629324300946093,16061000,0.0064110345195924,0.01375836183346918
2019-08-18,2.5745191913204373,3.198664610858452,12.753657545732452,8.905223868196394,22.38397026062012,3.850086273603169,14305600,0.0074905001302947,0.013966570268735221
2019-08-25,3.4947288692463903,4.502774246743578,23.627252411674103,9.684533590180555,22.64828109741211,4.078534185220803,13639600,0.0024014290575215796,0.01569753231958472
2019-09-01,7.746206353106222,0.0,17.615968034697623,5.0960124471973,22.578954696655277,4.018614313356716,11026000,-0.0005981401105679803,0.015195248466818159
2019-09-08,5.986253328979053,4.08672038475987,22.506134827507243,2.739746388961449,22.76960182189941,4.1833935488452845,10762600,0.0021651603233833502,0.014606625120494975
2019-09-15,3.410719388698884,1.6747524821083066,19.500231639552386,6.379916428817349,21.448057174682617,3.041162233510545,19134400,-0.01166508360652628,0.016536287482015598
2019-09-22,6.539802299340068,4.141197337186319,20.048721883543543,2.966853890743682,22.93858528137207,4.329448545617261,18200800,0.013598875721471481,0.01596637690835534
2019-09-29,5.291232648044121,1.4734816869149665,20.59315688074406,11.040161742579867,22.3709716796875,3.8388514006630667,11782200,-0.00498967173261908,0.01623916304307012
2019-10-06,7.9059349715986675,0.0,20.197300752771337,5.409605993248213,22.23665428161621,3.7227588126491713,16097000,-0.0010903572462140603,0.0167592369399974
2019-10-13,2.893840718367943,0.0,21.06973630505909,3.904035346063674,22.19765281677246,3.68904924817681,9568000,-0.0003231084677166998,0.014774764992933958
2019-10-20,4.017013560206696,3.096169893322764,23.907834139005477,5.554040917594725,22.75660514831543,4.172160324455877,9565200,0.0050126628390356805,0.0120512527860755
2019-10-27,3.823675540603527,3.519445003442964,19.46968745016847,0.9586211314109104,23.480205535888672,4.797579241792633,14460400,0.006303129975484881,0.01050891687205026
2019-11-03,0.6094551556036443,1.1913667497911828,21.611996554603472,2.085157884468045,24.463781356811523,5.647698915032741,13082600,0.0083113209076315,0.009727359854082119
2019-11-10,5.888360831193728,4.277184917554748,18.50941749998735,8.601241723833276,25.07472801208496,6.175749483072203,13023400,0.00501268068542712,0.0093454933194326
2019-11-17,5.783165816539668,0.0,24.72120789182099,3.0293171630858127,24.8190860748291,5.9547942343324465,15896600,-0.0020158922100764593,0.01039660683107338
2019-11-24,5.015340369927383,2.867840402705367,16.34754857467285,1.8592670519541812,23.59719467163086,4.89869474680421,21375600,-0.0098726872617415,0.013267414333367181
2019-12-01,4.29623859987456,0.5779676004750867,26.349258267440028,6.609958257581859,24.3294677734375,5.531609624120222,10358000,0.007774480020927574,0.016242487120442926
2019-12-08,0.7538877738487573,1.6963277843956817,19.07724348610623,8.557112463988991,24.585105895996094,5.7525615757586035,15142200,0.0021274545121968995,0.01534042228719874
2019-12-15,3.738064031703922,3.094797342632828,13.607153633098246,7.1568599319952,24.806081771850582,5.94355441574028,12341400,0.00181331549035052,0.014322598728964981
2019-12-22,3.971856450419692,1.2791732694320952,19.935050454100438,7.9881430574174495,25.13105773925781,6.22443613054688,20540800,0.0027033348659657405,0.014221760583441781
2019-12-29,2.5931681923351437,2.230888911540349,16.790804917444586,2.729614734291617,25.243709564208984,6.321802831293488,5541200,0.0011276548322447502,0.010214911846174075
2020-01-05,4.516142865001973,5.012585618428881,22.96996449618584,0.7345679997744687,24.745424270629883,5.8911272067540725,7498200,-0.004906124459996775,0.009634911989739425
2020-01-12,6.212152570443616,1.8462162609537025,17.089273135908222,9.50400095586646,25.42569351196289,6.479094349556249,11186800,0.005481290509069781,0.01017752260003462
2020-01-19,10.65855770363159,4.671384224130284,18.007414073145497,4.0319604834735925,26.56525993347168,7.464039092280296,17893800,0.00902788447539044,0.01337006257463412
2020-01-26,5.523733438495517,0.7405862906847638,12.326363635109333,4.247500950634858,26.46560287475586,7.377903967372412,10535600,-0.0009265360540287502,0.01383650357004745
2020-02-02,5.772651172168294,4.059608355830566,18.16768003478198,8.984582425547174,26.357282638549805,7.2842811252387145,12165200,-0.0007781294488422397,0.014522967759455099
2020-02-09,4.776662252701499,5.883137241315801,10.3737667581493,6.668690028201979,27.405851364135746,8.19057516317932,17729000,0.00806746009814446,0.015425956531455981
2020-02-16,0.0,0.0,13.82605152360907,6.367663316244823,27.492509841918945,8.265475415147101,10174200,0.0006660163825956405,0.01638106503324856
2020-02-23,4.920458373652349,1.4062094890590464,23.29570019501599,11.495007034703251,27.66582679748535,8.415275919082669,6833800,0.0015995089111435752,0.013478902211096575
2020-03-01,5.180690629823079,4.15414425436108,23.489620957928963,3.069445308859571,25.187387466430664,6.273122778021562,18900600,-0.01846275275145666,0.0167231658534572
2020-03-08,12.389726337455858,2.593909227914015,22.14062932335233,7.783520384243712,27.1025447845459,7.928422632741385,29432800,0.015276644706842101,0.022843221672175278
2020-03-15,4.422917105656633,3.7422917467426178,16.663273256582453,5.1710393746912535,24.576440811157227,5.7450722099821,27932600,-0.017972292422927277,0.029157656558330518
2020-03-22,5.904642027000837,1.7920296265683588,20.432711157418225,5.805776836589771,21.43072891235352,3.02618515050823,29702800,-0.02613606256435418,0.04044025885929392
2020-03-29,4.89586469088427,3.1731795749458,20.701525178510707,9.585405279237596,24.9263858795166,6.047535101847956,31931200,0.030983979065036443,0.04391406565764824
2020-04-05,1.493965887141404,2.688645529215841,16.174855330989647,6.523507268868871,26.292875289916992,7.228612865599499,26488200,0.01104872834179976,0.04602989150932498
2020-04-12,8.42846844354506,5.335564123319615,26.91428604771525,6.614888237148898,26.36318016052246,7.289378443966636,24742000,0.0008953043689658249,0.04360128665329373
2020-04-19,7.255799098060322,3.5088416866024263,24.502520755836173,8.217522011929407,27.712099075317383,8.455269758778458,40243400,0.0101853187130963,0.03298170015708366
2020-04-26,7.373095841129141,3.675205324150405,20.201593651101668,3.905141811371344,28.52056884765625,9.154042587537464,15882200,0.005813900957407579,0.025139655366108037
2020-05-03,2.2718376356157832,2.176246067755065,21.285372455285284,2.482370997982981,27.870275497436523,8.591984067351078,11991600,-0.00454365518123854,0.017440043389460442
2020-05-10,9.208382932808298,2.024787551855013,22.103739083984205,1.8655724179368995,27.57588768005371,8.337540159931178,12720400,-0.002075327414751581,0.015223077465330559
2020-05-17,0.7944468116231569,2.134883624360758,13.19564713138367,0.0,28.0811824798584,8.774274208249738,14886000,0.003763363092044579,0.014184008580985341
2020-05-24,6.760571281400811,3.788904284756594,20.46625582788528,11.168621389820968,28.48541641235352,9.123659798353899,14425600,0.00287444275302686,0.01218443346990814
2020-05-31,11.571366877429936,2.158031038359474,18.81940711886331,1.6903749028349506,28.97313499450684,9.545202452080675,12187800,0.004491675390002073,0.013413683497425024
2020-06-07,2.028391024607935,3.579549713792826,17.633242824161677,4.336239129242684,28.33602523803711,8.994538714251137,9793200,-0.0044302282833728,0.014015596023051042
2020-06-14,3.3011068111916844,7.150801597290878,20.607700445084355,4.169560100333238,28.38875389099121,9.040112898026491,16762400,0.0005687826160441003,0.01434391603742948
2020-06-21,5.298954095262924,4.742249406863385,29.015226476913103,5.922220093427303,29.68054580688477,10.156628471175969,17450000,0.00902128172498552,0.01541932041042968
2020-06-28,3.4895730376514025,2.347952935664318,24.48023056746989,7.44721163761789,29.017072677612305,9.583178465734099,11251800,-0.004430096315084399,0.01592207318897242
2020-07-05,0.3480097068016015,5.40242784432789,19.724521916157496,7.581420465079236,29.157678604125977,9.704706325366997,10419600,0.0012297742414780252,0.014637641432714675
2020-07-12,5.205688924418082,2.183849253956897,24.39194775360016,3.2507676842931845,28.753442764282227,9.35531908671215,10092800,-0.00275246313452554,0.01472621155757676
2020-07-19,1.8130888588216851,0.0,27.79141712740636,4.498634858640766,29.513574600219727,10.012312695380045,9661200,0.005322923298192379,0.01205373832171754
2020-07-26,6.420777291905544,0.9838273781651918,25.984908865600268,5.847739851464899,29.074195861816406,9.632550910295071,10668000,-0.0028659595036780797,0.0127334006857928
2020-08-02,2.2417272972985907,0.0,22.617274366516725,4.253926621449359,28.70511245727539,9.313546460823792,8461400,-0.00243940184084634,0.0131904528170185
2020-08-09,9.649803215052618,2.296973031917383,19.883384528900567,9.822036728059976,28.401933670043945,9.051504383281967,14856400,-0.0020347039088043604,0.014279493120194501
2020-08-16,2.650240122991289,3.036836758379104,25.35640364706406,6.472924854914754,29.12407875061035,9.675665456443626,8448400,0.005121339943248861,0.01549336806022732
2020-08-23,4.033815451382973,6.352874624550566,24.229830687183533,7.204633358149453,29.367624282836918,9.886165596718808,7408600,0.0016977718249642005,0.01443846367292632
2020-08-30,7.44055165210901,3.653854747528325,26.3290407784943,6.988643806002238,29.150650024414062,9.698631416080971,6615000,-0.00146219119215038,0.01263019914703056
2020-09-06,1.307407050698134,2.561798942382272,25.381333857998083,8.520421572455975,28.831817626953125,9.423059683041073,8581600,-0.0021654955542481204,0.010834799839414041
2020-09-13,5.682379803812388,4.658811162366979,27.13123626543438,5.543064676111121,29.425195693969727,9.935925450691503,7119600,0.005222891064365026,0.010732991176357275
2020-09-20,8.921428262847284,0.0,20.884463310801607,1.10950415613246,30.74921989440918,11.08029988192091,8784000,0.0088945803191519,0.01054768313237494
2020-09-27,0.1775502963163173,3.471229116217132,28.38735917246802,6.199063855257925,30.580949783325195,10.934861443106323,8762800,-0.0010506447220084204,0.01140240709254234
2020-10-04,5.553901575596913,4.541730387773933,24.00056008158715,3.0459293186245127,30.40382194519043,10.781767134895727,10208800,-0.0011179949584414002,0.01212058612319704
2020-10-11,5.779648382745271,0.0428275084403169,31.603583906205447,3.414149954750729,31.91382598876953,12.086886798079675,11977400,0.009911593664903299,0.01320626780304374
2020-10-18,7.3454686153319315,5.287508086413858,20.63816789623295,6.759092056265279,31.448869705200195,11.685017948265909,9090800,-0.0028157977613375794,0.01467751926100506
2020-10-25,1.2891478673657542,3.676992814988828,30.43115313413906,8.714849214300907,31.32488250732422,11.577853910779316,9622600,-0.0007809523484114601,0.014557259068011499
2020-11-01,1.038630160747171,2.1694241721983976,24.37131980821549,5.063814730208185,28.291582107543945,8.956125834665334,13349600,-0.02010226783580612,0.015601878320630942
2020-11-08,6.565824696850693,4.26556373221257,21.06638341279394,5.926499037796892,31.15660858154297,11.432412174863355,19455200,0.01990154566649988,0.0209694484084667
2020-11-15,5.890954019699558,7.541385715608792,21.82889084392128,10.106644833905714,30.146987915039062,10.559781541975843,12190800,-0.006456610185317421,0.02314388872587492
2020-11-22,5.751478551037629,3.36373251011699,22.575423700248123,5.722259538465705,29.93000602722168,10.372240767135258,11551000,-0.0014069752853733198,0.02282927594959612
2020-11-29,6.039344628490927,3.4964411726006723,25.645855471519905,12.805049342541183,29.907867431640625,10.353106039297295,8633400,-6.621120107594934e-05,0.022877156583740274
2020-12-06,2.9599258352645275,2.081278200919512,26.13291239094108,6.696528936894632,30.027433395385746,10.456448736288635,8632600,0.0008402372132844598,0.01989184417482766
2020-12-13,5.696761091483011,1.3003112610704164,21.8391491759316,0.0,30.793495178222656,11.118567689046149,8539000,0.005123809992464,0.011834807465221999
2020-12-20,5.879217419896044,4.660671633088491,24.128909575528816,7.260024863313598,32.679901123046875,12.749017290692008,13786200,0.01211228374915692,0.0129791659381299
2020-12-27,2.8569457459208967,1.2878323481822656,32.88778813190704,6.143475154648334,30.74478530883789,11.076467001570837,6334600,-0.015109330456825476,0.016172108024516026
2021-01-03,10.59732353343427,3.1431324744387847,31.321258130749264,8.869258262248238,30.930774688720703,11.237220476278823,7581200,0.0015346129499366752,0.015601233746796875
2021-01-10,6.421498762735363,2.044685106469766,26.248758881929387,7.019544053809876,31.11232566833496,11.39413777353536,11045800,0.0013268715598566997,0.01671301459042404
2021-01-17,1.426089508392054,3.957959651492784,24.74785686879289,4.584632048048679,31.896120071411133,12.071583302041093,10446400,0.005071281072444559,0.01686841684653746
2021-01-24,6.969660825901489,3.667324210573897,25.168347015879974,1.327105291131903,32.2503776550293,12.377773567012976,7603000,0.002819619612379075,0.015036490034743149
2021-01-31,2.075954989318036,5.075079888515798,27.234672352815437,4.372930228141924,30.820068359375,11.141535297234185,9405400,-0.008832821900998161,0.01482752534461606
2021-02-07,7.361253811227356,1.979967202290506,20.781808953986975,2.4484386373720994,31.61714553833008,11.83046133273256,12332400,0.00517977336178218,0.0162886129507369
2021-02-14,8.475786737022212,2.4602501294132573,23.935851817974054,3.258429650585832,33.57439041137695,13.522138106938254,14491600,0.012230744410525619,0.0157939004852371
2021-02-21,2.5379530449448686,1.0424725684353853,18.38340042504392,6.765735213261829,32.803890228271484,12.856182976729288,12072000,-0.00575784635722455,0.016993334880763475
2021-02-28,7.890128387732965,2.111413479847777,26.747007963862224,10.00971351305422,31.55071449279785,11.77304396081316,9418400,-0.007707301499666421,0.01701751865371396
2021-03-07,6.238342780809495,3.754600986089705,27.83127798513891,6.184014589468943,30.82449722290039,11.14536323193219,10250800,-0.004476392845050879,0.015824845603877303
2021-03-14,7.466180479983469,4.513977233290704,23.402127130017284,1.412350813894447,31.44443702697754,11.681186716466526,9426800,0.0041041858530088005,0.01735747282653454
2021-03-21,10.690378947961843,1.1556693516447492,31.723198785261747,6.333808004660423,31.152179718017575,11.428584240165346,6369800,-0.0018031340855313403,0.01512892371084398
2021-03-28,4.263835651991388,4.73921184021132,20.616567832979086,8.589894459936954,30.442459106445312,10.81516182618664,10139400,-0.004349579210035459,0.01686506238905652
2021-04-04,2.738791506927531,5.711275717609902,19.754509717036008,3.1706512870418533,30.38856506347656,10.768580377940792,6152200,-0.0004161937694967001,0.0170808046244686
2021-04-11,2.33145671112343,3.8268698064474016,26.602195265002013,4.597948499981247,31.49344062805176,11.723541280747822,7563800,0.0072099335607682,0.015044108520542198
2021-04-18,2.552569145103685,6.753591625116131,29.985159954097576,5.044064584187591,32.41416931152344,12.519341208811664,9273000,0.00583510065530436,0.01480098036372846
2021-04-25,4.768694871757687,1.452421601792854,32.624856262367274,2.64530506075328,33.26302719116211,13.253022098393352,6684000,0.00519879112837302,0.01249795743939464
2021-05-02,6.023455924449932,0.5106905933771659,24.145987197946877,6.944841301531577,33.21363067626953,13.210327932670287,7184200,-0.00028862979955598006,0.00877163824719
2021-05-09,5.830072397990057,0.0,30.38862633603465,4.637155554176656,33.981658935546875,13.87414654118734,11232400,0.00467167515554338,0.00959550158439542
2021-05-16,7.481549747108072,5.992088622978367,26.01224787719348,6.258597331721084,35.52668380737305,15.209535243557374,11879600,0.0089477004849484,0.009044502230991899
2021-05-23,5.039005675633721,4.308731312708115,25.56815130831986,2.3375234665937,36.5147819519043,16.063563630479212,9316800,0.005550352483901899,0.00967687760683668
2021-05-30,9.360602231471953,2.88883065817909,29.885679010916665,3.687625099029769,35.436851501464844,15.131891803244422,8345400,-0.005927795718394959,0.01074659370916944
2021-06-06,4.206029500286132,3.5599372526396404,29.05270952751049,7.167144073483314,36.35757446289063,15.927686785656203,5243200,0.006461740508269351,0.010834034240510125
2021-06-13,13.160507499768856,0.749021905403247,20.23022813880665,3.881500543724699,37.92956161499024,17.286379400554665,13802200,0.008529799224978759,0.01045309555117282
2021-06-20,6.877002043295018,7.891503959233653,32.534336918534066,10.180891553700215,36.95494079589844,16.44399967279566,9030600,-0.00517939540727672,0.010151846043691801
2021-06-27,2.428527330751153,3.258442363950455,32.24091968910712,3.801091443156193,37.1884880065918,16.64585811036328,6659000,0.0012792127408842598,0.00980242183000886
2021-07-04,1.7873225058166629,3.218789589209786,24.31068221936604,5.674054177255658,38.09124755859375,17.426127042393567,6238000,0.00481244978294792,0.00830688073698504
2021-07-11,6.447417245729556,4.451533247797384,28.48852591204063,7.79777249561927,38.86825180053711,18.097703730449304,6992600,0.00509133840087055,0.0077435110289874745
2021-07-18,4.329611644022448,3.9620184634734255,28.973811276308787,0.7449028012009045,39.8204231262207,18.92068001660816,6379000,0.00486172788497514,0.00682708306635964
2021-07-25,7.142001482276276,3.4477680485582627,28.132764347360293,0.0,40.75911712646485,19.732007643604184,12188800,0.00477697443901218,0.006998911837960581
2021-08-01,6.419712873720634,1.4190510891093762,24.981227421569823,0.4230310562897159,41.59001541137695,20.450165779905756,9129400,0.00412450109465402,0.01014584546859562
2021-08-08,4.781513262029382,3.9429367142719913,24.58833331808613,8.787752310281547,44.68007659912109,23.12095307594994,18406800,0.014990090506546622,0.014852089402256458
2021-08-15,2.459618845794785,6.764048992950068,27.264989258759392,3.34442556232266,46.15324783325195,24.394237576794026,9808000,0.006528352016267861,0.02007592927352578
2021-08-22,0.4554583259424056,5.690840092309955,32.15050037264947,12.674597857004755,48.147891998291016,26.11823913289399,9343000,0.008538749621803,0.0199139811767204
2021-08-29,3.660455143798937,6.186373253278794,29.726363666876573,3.307257204027834,46.00737380981445,24.26815642016031,11420600,-0.009015426816908622,0.01980089835849298
2021-09-05,7.569196382970417,1.9775686471376297,26.16188447304126,5.553653909591111,45.56031036376953,23.881752624352572,13084400,-0.0018737539286155403,0.01885797789975106
2021-09-12,5.642281232390612,1.0207903594828382,30.823515396865893,9.626329857703627,44.9551887512207,23.358736730114877,7015400,-0.003308791190822175,0.011766386083218176
2021-09-19,1.262783663864036,2.748426159800704,16.43492882463905,11.018278664477368,45.79513549804688,24.08471559088129,10111200,0.00373998529330538,0.0113973086965349
2021-09-26,5.519542777553546,3.1114498245773894,32.51654086153461,11.184510729909194,45.47451400756836,23.807597517295854,8378800,-0.00128924626723326,0.0116993940247465
2021-10-03,6.15595213918651,5.188383036941897,21.055001697820625,8.625098691779428,43.2978744506836,21.926294551629002,10048000,-0.00963456932100682,0.01353806106331254
2021-10-10,2.348427691396601,0.0,26.65647180020733,8.072187577434388,44.42683792114258,22.90207500107733,8545600,0.00520640415500822,0.01367567995539668
2021-10-17,5.461175317836584,6.059100638921228,23.71993474020212,6.7775808476035495,46.21510696411133,24.447703372713804,7158600,0.00802427736747284,0.01483343283581708
2021-10-24,5.174626155337999,2.683984202842021,23.11226716870991,7.335083228499913,47.87242889404297,25.880152145402434,8643000,0.0070951873751090395,0.014894092620472341
2021-10-31,1.571089106508131,2.14623786010516,33.02667897399445,3.3464428510144,49.732948303222656,27.488227617108013,8226600,0.007749122224793301,0.01227702620768832
2021-11-07,6.07336208104485,0.975791249479665,26.60494577211964,2.5454033497330784,51.21866226196289,28.772352987277706,12827400,0.0061821654378633,0.01396791408641094
2021-11-14,6.682353579104703,0.0,29.954144857176907,4.989876627767144,51.07415771484375,28.64745549003812,8392400,-0.0005298737158075799,0.01582565662922786
2021-11-21,8.249153729525831,4.646341167923829,28.47282576762414,4.489446132425215,51.421871185302734,28.947989577598783,6602800,0.0013746287715817,0.015091593226227001
2021-11-28,8.161406156104709,3.146635934376808,30.6610501449202,3.6403158520181744,48.84784698486328,26.723220967349103,6177000,-0.012727101964310825,0.016393202770477
2021-12-05,0.8669918961287273,0.4200782005178922,29.152553153155573,7.089162342370146,48.35562133789063,26.29778278834611,8112000,-0.00200005904652678,0.014133087255650139
2021-12-12,2.186524880254632,0.4098424558727678,23.805675445047108,7.865915625711532,51.638633728027344,29.135340769110226,9311000,0.013281279837606918,0.01123244113187446
2021-12-19,6.545105801625979,2.328430601419744,33.015090372476784,5.265220658875542,48.522708892822266,26.442199125734007,18086200,-0.011549990898689641,0.01580292656166766
2021-12-26,6.541357852736626,6.338043050578786,27.14737551492981,9.432590243165786,48.96525192260742,26.824695856410706,17129200,0.0026926625274519764,0.02567738321078205
2022-01-02,6.545143058918144,2.4808172972727904,22.98845300582289,1.5749326575994846,50.57740783691406,28.218106948802706,8419200,0.006574347078963941,0.0269132346260832
2022-01-09,16.558194471964164,0.0,27.59469870948508,4.419021622160845,45.83126068115234,24.11593914091583,25391600,-0.01942707289930712,0.02817903090305094
2022-01-16,6.712671532079501,2.5085138718281117,35.40257726877281,2.849533038191585,43.49657440185547,22.09803396812316,14688600,-0.010328338895981259,0.027068478504320682
2022-01-23,8.406696920541798,2.454552860504659,32.89280382757637,0.0,43.06305694580078,21.723338179303035,11065600,-0.0024483538521238254,0.020676434229189876
2022-01-30,7.8620052904796065,0.0,28.1896870743778,4.751957942471902,43.69527816772461,22.269776681718703,19260800,0.0030444858413132595,0.014929665778175099
2022-02-06,6.954173753917394,2.8914102669643755,28.27964354762236,4.634757474850149,45.00938415527344,23.405578649369456,20926600,0.006514471592244381,0.019635489033702262
2022-02-13,4.054192266078963,2.538130939582644,28.48251291291338,9.540349229726392,44.66617965698242,23.108941735635707,12237400,-0.0010225235497596796,0.02342203313252128
2022-02-20,7.276907661479802,4.3924127296268365,38.16842380491311,6.892435053664332,45.52418518066406,23.85052907431802,9823600,0.00397917614647576,0.02627702370160016
2022-02-27,2.6815243563872846,6.69791218989069,31.481552432482797,1.9274395270123852,46.4002571105957,24.60773148511898,8602000,0.005027882410682176,0.026974586696100297
2022-03-06,4.289544179779973,5.253130059095515,31.766355965207698,10.562277699002564,47.01441192626953,25.138554915415995,11231800,0.0026464806605138403,0.026047802002969737
2022-03-13,3.54390935651269,2.4622226188903387,34.25970194545762,8.66310108657606,45.72739791870117,24.026168961740467,27965800,-0.0052603479329321,0.02306060077261812
2022-03-20,5.245622418158968,0.7869481825166593,31.186103518323144,6.746293110405848,50.33807373046875,28.011246808447083,10542600,0.019487922693710757,0.020073250596038338
2022-03-27,11.943975700020529,8.14671960649972,29.28715705182111,4.320547703450504,48.559844970703125,26.474296407633304,8822600,-0.00715732513175074,0.019417605631119238
2022-04-03,0.0,3.1184368680289767,29.630304991650853,2.1216822898295606,51.47772216796875,28.996262438850724,8976200,0.01182186166298734,0.0183716581185554
2022-04-10,7.05878057112354,3.027858583825892,30.221678103221343,3.883379671786841,54.96549224853516,32.01079563309474,15018600,0.01333169413938618,0.017899607249276438
2022-04-17,0.161852386431045,2.951749825779993,30.451572947725065,8.266245859112558,53.88951873779297,31.080815218866043,15599800,-0.004807442478325425,0.017442208565352377
2022-04-24,3.5842044026317,3.3961695215357097,33.60335882119919,10.653758917803827,50.47013854980469,28.125392458098208,11844200,-0.012871433398532358,0.01764293425198936
2022-05-01,8.266851790902098,2.711279176152115,30.993002942767305,9.629730584816569,51.97467041015625,29.425782429357707,17651800,0.006228995333065741,0.02114226918376258
2022-05-08,5.192840057286388,1.8526759862395277,33.808158461287256,3.5334517346411776,50.76648712158203,28.38153107562558,18642000,-0.00467012680902034,0.0214556067991121
2022-05-15,1.7667656662120814,1.906282117519216,30.647110584877453,1.6411477001329664,48.34556198120117,26.289088332016526,17898000,-0.009398103041808659,0.021391981289581162
2022-05-22,2.854088872220095,2.934493459568003,31.376896419462977,5.422658740733612,49.12517929077149,26.962923534515106,17073200,0.00355779606034994,0.02327278538373746
2022-05-29,7.038793246804028,1.91315045773247,23.161931672957017,0.0,49.12062072753906,26.958983498370294,11575200,7.436555970759956e-05,0.022482234855045323
2022-06-05,2.8089001048485898,1.5743084346456713,34.91242386278221,5.969503142554345,51.24976348876953,28.799234254799533,12110000,0.010738110481513225,0.0215639693320131
2022-06-12,5.649375768745925,3.212860455383794,32.72544582045109,4.557192241103994,50.83031845092773,28.436701472956955,11748800,-0.00144640133384524,0.020895576462419418
2022-06-19,5.136715519711442,2.4900455651582893,35.423911109184566,3.601890494395273,48.13583755493164,26.107820292544552,12588400,-0.010744827084575099,0.02004013392726072
2022-06-26,3.045198957182549,6.007985977165378,19.939227909858037,0.2158907981996138,51.11754608154297,28.684956721093346,12420600,0.015241815036968176,0.018046056150986926
2022-07-03,11.431832267975976,0.0,39.97012699464254,6.54080031970915,50.89870071411133,28.495805312230388,11612400,-0.0006414550225507607,0.01949699449740708
2022-07-10,6.901757066954033,5.183013703844924,31.15064841578577,3.4018974810142657,49.70875930786133,27.46732069728023,12439800,-0.00589502357122255,0.01879979677426605
2022-07-17,0.0,5.492170384995259,36.23411694824337,1.490249492869136,52.07952880859375,29.516413151992317,10265600,0.009527569506378359,0.01671690464618922
2022-07-24,5.559362944308283,0.0,27.73414072567801,0.0,52.22998046875,29.646450830277715,9630600,0.0007175730803623199,0.01827484299426362
2022-07-31,3.014640605694836,2.3146248118393027,34.43723880731726,4.917455284848091,52.913856506347656,30.237535382431286,8997800,0.00262480048017614,0.01628302767766846
2022-08-07,7.557300004388672,20.53691068249673,27.864859687259184,10.316754790009233,47.05075073242188,25.169963103127635,32211800,-0.021483298694331576,0.02529603482440242
2022-08-14,2.622437784701898,18.618058018006927,29.675824850057428,9.98377764364361,49.27571868896485,27.093037046132157,20275800,0.00938566685608308,0.0340483104549772
2022-08-21,4.655790675599303,20.031377062763948,39.91940486119463,3.628711230241184,47.92350387573242,25.924297035731115,17062000,-0.00547302732728216,0.032552267463427
2022-08-28,6.514961836941371,19.52042781506603,31.59292859556093,3.1933638189146585,49.82118606567383,27.564492869045626,18692600,0.008034350089484322,0.033639231489319424
2022-09-04,7.5972655825103645,25.40132949844579,33.31776844422004,6.406322768225071,46.86464309692383,25.009107418276972,33650800,-0.01213405004991214,0.02809305306790242
2022-09-11,1.3991107788326715,23.9239945410432,36.02068662714301,2.004843682435125,49.74785232543945,27.501109392185626,8994400,0.01506235744845075,0.017465242728812176
2022-09-18,3.996496292477155,24.7522371254352,34.61552200916525,5.905375699458398,46.48877334594727,24.684237425457077,11339600,-0.013383376756385318,0.01819295430304446
2022-09-25,3.575164066517132,23.809600281780817,33.32684883073597,7.298240835154071,44.88903427124024,23.301558398045273,13306000,-0.006961322505235799,0.017004546335902822
2022-10-02,3.040012302278864,20.265921867056228,34.2773959729134,8.680799671652924,45.66828155517578,23.975073781710325,14987200,0.0036644363858466403,0.016185564838888538
2022-10-09,10.296362720843293,21.633394170276357,42.52359305688843,4.699537770560141,47.69889450073242,25.73016370668841,10778400,0.00889203773365662,0.01852510917158044
2022-10-16,6.214945132882867,23.82023315618581,32.77183428068783,4.388978749469103,47.5797233581543,25.627162259689527,9140400,-0.0004792933268751999,0.01673665849950892
2022-10-23,1.2173481369948649,20.55691778438904,33.899084408568875,2.3660522397303168,47.77223587036133,25.793553777751164,10552000,0.0008981117728176202,0.0161082901707679
2022-10-30,7.753585841164329,24.587499668509523,37.38968455862629,2.51935893788042,49.9449577331543,27.671470620304454,16019400,0.0090288653804751,0.014963097520389861
2022-11-06,11.3664685910379,22.84182145538917,37.70154945931462,4.32056332429542,51.526363372802734,29.038303778501255,17629600,0.006695679458772581,0.0170057482651521
2022-11-13,8.09739578165344,22.734440117695797,38.11994570261104,6.102096520448535,51.09548568725586,28.665889583833597,14720000,-0.0014799926824316002,0.0195203359415667
2022-11-20,0.4418901021379593,25.0682511878404,36.01912412137309,7.740753878699748,51.99848937988281,29.44636953035198,11084200,0.0035821933550591795,0.02107075797097388
2022-11-27,3.547297781401246,24.697747430592795,28.98456233522125,2.5904631479589657,54.4508171081543,31.5659540124916,6600400,0.0116219202132616,0.0205817262531246
2022-12-04,8.800733447559868,23.250818069718715,40.182686868234406,9.478065706878564,58.168270111083984,34.77900568060893,14833800,0.013339292699226341,0.01920772613395742
2022-12-11,2.876991603143658,26.45557963937041,29.15595791984211,4.1866291968722935,59.0896110534668,35.57533479344369,11715200,0.0032040535385219797,0.014681033805534779
2022-12-18,6.3314582844386855,22.139603046276022,35.04426010575983,4.935898116954691,61.04687881469727,37.267031350257646,16523600,0.006603127825152259,0.01173635931924014
2022-12-25,7.323902160288011,25.699050621747123,30.908993597613104,2.75836496255653,61.42276382446289,37.59191453148305,15075000,0.00128848294830788,0.012042712235219641
2023-01-01,36.471884742266965,25.819471667727004,33.7619223642054,0.0,62.03698348999024,38.12279401250347,9142800,0.002511171763034325,0.011228242730882226
2023-01-08,39.33808890949329,24.18090605464277,35.42590414467812,7.65213618908315,63.54962921142578,39.43019691839058,11676200,0.0060804497272198,0.0103959203153981
2023-01-15,30.05786517093467,25.61963479678437,35.488662118152135,7.2105316912773,62.48619842529297,38.5110573734875,13270200,-0.0032428290759836395,0.01177498629593578
2023-01-22,36.97451987338791,22.633151456107782,35.98329502617901,4.15601732864536,64.67724609375,40.40481349105304,14620400,0.0086732254243797,0.01178872274280505
2023-01-29,39.5570073422459,27.15208254141931,40.8428358383593,5.200972151674616,63.29752731323242,39.21230137972812,14534600,-0.00428925951601572,0.01114722590791988
2023-02-05,36.83940464235117,25.103514161795523,36.29450672106746,6.547817653112299,62.701637268066406,38.69726447082133,22202000,-0.0015326356649433812,0.0132402378921056
2023-02-12,45.749043884646646,24.597802362868283,33.59612172673579,0.3123624293403715,63.96217346191406,39.78676524384323,13005000,0.0040016087175826125,0.0164074383213659
2023-02-19,36.83145501636158,27.91183686235387,38.52147569393865,3.4128419679611155,64.9201889038086,40.61479268931074,10846400,0.0031235916145638597,0.0159973303547911
2023-02-26,40.07282826032999,24.57634107391718,39.51538772937062,7.382794038865481,64.90643310546875,40.60290334174743,6430400,-3.34494382110747e-05,0.016600375041449175
2023-03-05,42.05727941524236,23.339955944147043,29.93945326601093,1.2371317304922518,66.41908264160156,41.91030954473591,10210200,0.00467874742736636,0.017069431210120202
2023-03-12,46.2619869063313,23.21611030924669,37.33186355884516,5.880673796499888,64.76432800292969,40.4800797212736,18603200,-0.005008518756938461,0.0118490383624838
2023-03-19,37.904703334129216,27.714518715954984,37.83933300157616,0.9302545861297844,63.91633605957031,39.74714727370435,17522800,-0.00256116474109494,0.01182605881175082
2023-03-26,45.97691718545271,24.115410302789225,33.93676677177943,6.399289947300579,70.57838439941406,45.50525787107944,13105200,0.02010653916943916,0.013536506815661
2023-04-02,42.794274646152594,30.360267603817466,40.72222679135271,4.89307555310755,73.53089141845703,48.05715498859187,10158400,0.008234275829484699,0.014151117518457202
2023-04-09,40.09621243684169,22.861870693697107,34.71155594286296,0.1546045522834713,73.63253784179688,48.14500955186754,9969000,0.0003644487956362,0.013620782075855126
2023-04-16,44.70522513245278,30.594332553209323,35.90646285776607,8.494218063371514,77.90190887451172,51.835092441325855,17288600,0.01144385477577338,0.01357106564015586
2023-04-23,44.19528350884651,27.799785095748035,34.804248499631264,2.7962252696058525,79.77320861816406,53.452485521521155,16230800,0.005042902071363839,0.013903951120842278
2023-04-30,42.07765689589855,27.361294319864434,35.651230739979454,2.569242688956857,77.2042007446289,51.23205259958144,11399800,-0.006464303560227619,0.0165222628215895
2023-05-07,44.36893028037954,26.642492789798617,31.296192954959604,5.601707591692828,75.42530059814453,49.694521908925424,15609000,-0.00443299066054588,0.01787489503419766
2023-05-14,43.28581312564448,28.70885364948083,30.01346852505008,8.445912048286147,79.13557434082031,52.90136843225236,13510800,0.0097247194678012,0.02018959704273362
2023-05-21,45.06554923558947,28.014202510836025,42.24407106121397,1.952534543064809,78.79828643798828,52.60984532275342,9175400,-0.00080920219300826,0.018711686169364382
2023-05-28,46.99564589979054,30.475606212176665,32.57058416792761,5.185039549543915,75.30054473876953,49.586693505511484,19631600,-0.00889187381281996,0.01693528485891406
2023-06-04,50.052574393840864,28.67762831547448,32.08523891626253,38.84995989360142,72.6067886352539,47.25843877436059,10226000,-0.00902384211479205,0.01753255982780805
2023-06-11,41.86736091088735,28.930587148629797,27.52962661255974,39.75830065550768,73.02725219726562,47.62185188227067,11883000,0.0012538688740643602,0.0143463140288973
2023-06-18,52.2672043860855,28.08420984638284,33.67971882910343,38.32378194065846,74.52430725097656,48.91577953483241,11970800,0.0041262710116941395,0.014170347868275802
2023-06-25,40.300151111083714,28.8796337060218,31.035585399118272,36.80884719868536,73.4985580444336,48.029208757325456,10869400,-0.003452323491625625,0.0135832538086114
2023-07-02,45.99038286486472,29.79185921145031,42.98838396618058,35.54263349509772,74.77381134033203,49.13142974745753,11964200,0.00355476695621422,0.01146640033360934
2023-07-09,48.501026802531136,25.939289646104054,40.55197043589248,38.39930924729155,72.53286743164062,47.19454754388862,8355400,-0.0075547306777640245,0.012522962371952825
2023-07-16,47.87040121217415,26.84726638250587,33.85247945069788,35.03993400330415,73.9929428100586,48.4565130957075,14096400,0.00417019409868908,0.01310367747783438
2023-07-23,45.45169086818465,31.214816247611594,45.70720280567285,29.607773029885696,76.54347229003906,50.6609748585799,11377800,0.00685653055814772,0.014006947948938059
2023-07-30,46.98879988803767,30.25530980621977,40.71690028514882,39.79697733395106,72.92098236083984,47.530001232126786,12125200,-0.0095699218370357,0.01578862253075854
2023-08-06,46.42855443938177,29.731543165205128,35.582891556034795,41.31457588584519,72.35728454589844,47.04278856173547,11338400,-0.0014572424350772803,0.01586393723322528
2023-08-13,46.43486696956014,30.32294864953675,26.976972983461827,31.629447497069638,83.90858459472656,57.02675442803188,38497000,0.0324762084860281,0.03600606661940718
2023-08-20,51.04818492127605,31.16845517717364,46.230744886205926,35.804526130673885,85.02238464355469,57.989428899509,19061000,0.00275149154850488,0.04141688725840522
2023-08-27,49.86785587071402,29.58162342642478,31.60106348167541,40.80665446892783,86.55449676513672,59.3136569137199,14131000,0.00373415913988644,0.04113437131127018
2023-09-03,47.016524802428535,29.293024394380957,30.670137113789057,45.23715153615588,87.8916015625,60.469337105569,14769200,0.0031634177449600606,0.040951596241531364
2023-09-10,52.0935107826876,31.430455451071897,41.43439258254203,39.24251969115555,90.71902465820312,62.91312226894911,15901600,0.0079798787454954,0.02827412919836845
2023-09-17,50.61708067998071,29.27179051888628,47.1954992327474,37.111603185550464,88.41159057617188,60.91877158838946,30088400,-0.00502803467703752,0.01490118509596924
2023-09-24,52.43525282761652,32.23545275633398,43.0659596343192,38.8623961270319,84.77632904052734,57.776759266528146,24528900,-0.00820438820618922,0.01593591339710096
2023-10-01,52.18805074340494,28.20483124476691,39.87688359337341,43.65118814889952,84.44206237792969,57.487847461319305,15713900,-0.0007800612300520998,0.01504084597099544
2023-10-08,48.11569032418807,33.8600009737803,40.09264323271195,37.7041397951899,85.53773498535156,58.434854107055756,25388200,0.002871700692722,0.01651449517891318
2023-10-15,49.22665676846924,32.939215947390394,41.21966685405887,37.35992975372129,94.8417739868164,66.47647776990394,42645200,0.02109430086956536,0.01978749397342622
2023-10-22,53.45461862932153,32.699051772176226,40.93409773097154,38.424748648234505,89.40977478027344,61.781517511350515,22418200,-0.011677879364719012,0.02133193338124304
2023-10-29,53.35039992792945,34.34598562997254,39.11552782058882,37.12846683111301,86.81912994384766,59.542383430403845,15322800,-0.00578596733883912,0.021119288630592762
2023-11-05,51.76414906019962,35.90580394708856,38.49994529340566,40.47193704498208,91.15544128417967,63.29032385481529,20230600,0.01003999570980012,0.02173268641281098
2023-11-12,52.48741409526713,34.79848662183044,37.9251471188869,45.09343491351491,93.95966339111328,65.71405604762413,25931900,0.00619229991396802,0.020816931746158698
2023-11-19,56.2780181287405,29.28352950031054,35.252040027905124,41.30411079856287,94.14537048339844,65.87456553683026,29818700,0.0006365191716080603,0.0190247810705996
2023-11-26,50.980914163687885,30.602295538230937,37.23757682879156,39.693285913944464,97.9152603149414,69.13293916046764,15997000,0.009939440690092024,0.01997946750914295
2023-12-03,54.70853875531133,32.10862386258836,31.680828632363955,39.690386054685234,93.22611236572266,65.08003664134702,19796900,-0.00971259662308982,0.01959281229665678
2023-12-10,52.77330032889111,33.60789470222765,38.15167613485333,35.991720876450444,89.7347640991211,62.062410766011936,15940700,-0.007565529959981661,0.016964696532092878
2023-12-17,53.04047974368841,34.789122264119335,34.683048966315496,43.44609607509044,90.16189575195312,62.43158720712796,25130200,0.0010453743028157995,0.01638868207700796
2023-12-24,57.304512369294606,32.50104825579815,34.31543487894292,40.6787285937191,95.3710479736328,66.93393739747457,19431500,0.01134905859271438,0.01443491095479508
2023-12-31,56.800102713045824,34.52544110753209,39.54174750530675,40.48627388509417,96.05816650390624,67.52782448579808,8542300,0.0018070226454482245,0.013080290102498875
2024-01-07,57.08106781961807,32.841153447893035,44.48255879895808,50.72250977050918,98.40740203857422,69.55830480324036,19811000,0.0063009422244656495,0.013970564823358175
2024-01-14,58.87467397139925,33.32953547818637,42.68019483047576,42.1549192331802,99.50308227539062,70.50531804317957,19893000,0.0022798802231899,0.01443513415114396
2024-01-21,55.33996110594036,31.94054069959329,32.817304744860635,39.11876079890613,99.31736755371094,70.34480195977069,12756100,-0.00044661772860950005,0.01369165171033425
2024-01-28,57.64253391881852,33.10932824773627,35.23317336595884,40.210534601683605,100.34806060791016,71.23564578066144,21918900,0.0021366592892759204,0.01322779053811646
2024-02-04,54.9866135518305,32.45499741294262,43.04714941707988,45.05041795899904,105.57577514648438,75.75403966630564,33711600,0.010471839560508041,0.015653968054259677
2024-02-11,57.21166508853915,33.409832039986696,35.446493843860615,42.060365504130615,112.53987884521484,81.77322134486721,31050400,0.012999343607955679,0.01732636140325542
2024-02-18,56.17150247021942,37.67271409847198,38.57028957091259,37.52119377867376,115.14910125732422,84.02841230951698,25736100,0.004713166127793959,0.01749131391797214
2024-02-25,57.17669852333502,33.87112472445624,41.761409319885736,44.70918795846002,114.62911224365234,83.57897782669652,16536700,-0.0009578796844129998,0.018978367857512002
2024-03-03,58.995974092487685,41.23981866620759,35.78020185721983,40.06254233922598,115.35337829589844,84.20497208822344,26203400,0.0014301199838386597,0.0193929637765294
2024-03-10,55.08164674708232,37.16746241025614,40.16746045414504,47.802341365604136,123.56173706054688,91.29958251113241,47892000,0.01470525330516428,0.021996010498907877
2024-03-17,64.14028979723064,36.75691096539454,34.50223520277522,45.538065675204,122.91173553466795,90.73777621920131,26209100,-0.0009021278252209202,0.027283304051204837
2024-03-24,55.17290839185236,34.87757530470166,37.52524535953002,41.07142923219234,120.42229461669922,88.58611423777066,22474500,-0.00406992348435056,0.026663701474677635
2024-03-31,54.8772406569512,38.20260280849023,41.30222242479185,46.37191744548248,120.08561706542967,88.29511866449194,15135900,-0.0006834912742810502,0.0258272838917002
2024-04-07,62.32399846756324,35.85903961935374,33.74349850698187,42.8479083329679,117.71009063720705,86.24191472436348,20008500,-0.0039014377178525996,0.0241773256269976
2024-04-14,61.555526673486185,37.46330716082591,41.96975114583697,45.318136267860886,116.44750213623048,85.15064011080108,15018700,-0.00209212522614286,0.0117487255054865
2024-04-21,61.384784180073886,42.549068905327545,40.22167975117549,44.32948713548619,114.7640609741211,83.6956160849882,17040400,-0.00288045565398278,0.00974158357361544
2024-04-28,61.73036078681604,37.44703236414429,42.60256951743765,40.4516921597387,118.635986328125,87.04218057624166,17391900,0.00679599575127712,0.01269478854669584
2024-05-05,60.14249686337393,40.14859118851746,41.38064498891454,41.17558606886748,115.0820541381836,83.97046245572528,29322400,-0.005893439709977201,0.0142496887105272
2024-05-12,57.82240038313436,36.65522409559571,46.0339289254381,46.31159145967189,120.10431671142578,88.31128105543907,17319500,0.008631395166416339,0.015270156656796619
2024-05-19,61.077516880635926,38.20377241230381,41.17064396902119,42.332856451717326,123.3496322631836,91.11625708040157,18270100,0.00546759189502954,0.01652621122777008
2024-05-26,59.15557117276704,42.02816314956789,39.044502546815394,42.241710499419504,127.23088073730467,94.47087968741896,15870400,0.00625172602254708,0.01567489409954386
2024-06-02,64.45038200159092,37.44608028526932,41.34369347633237,40.70276159220598,126.52010345458984,93.85654397635899,12518300,-0.0013174629970093997,0.0155976133686171
2024-06-09,61.42283054365128,42.53900407693557,43.120074333235614,44.95439996814297,133.62799072265625,100.0,21235000,0.011047645130040121,0.01312054369041728
2024-06-16,59.72750437738589,40.54434342949838,41.23470125127972,49.98665097020056,133.27259826660156,99.69282884736865,17015400,-0.0004997478519616275,0.01231010673826846
2024-06-23,61.58084511519592,38.21927864199351,41.29400648767927,40.71195091081686,132.76754760742188,99.25630581353818,12040200,-0.0009137036615366498,0.0116865532904931
2024-06-30,64.12581706815892,40.82504034463654,38.41605172452356,44.10268146470649,133.4970703125,99.88684348076178,18919100,0.0012674987450736596,0.012865601695433581
2024-07-07,61.53888250488298,41.721986476071294,38.66479355843362,48.38215820204306,133.1510009765625,99.58773044389436,21150600,-0.0003864126841587757,0.01470155036397045
2024-07-14,61.1074418273442,41.23779024909344,35.79835489432548,44.02204580316817,132.87979125976562,99.3533197244375,17249100,-0.0002742780442093605,0.01594070763678252
2024-07-21,64.65022489205352,37.071653670268205,48.49946170715885,45.73355880676306,123.02227783203124,90.83331962288676,25436700,-0.01507919278738668,0.01842494281527718
2024-07-28,65.00013660722394,38.97640158133832,36.61808054573278,41.30473627468176,118.52375793457033,86.94517985374785,17272200,-0.00732872238683682,0.020105352278872703
2024-08-04,63.0914943968901,40.15485152237287,38.91429144900113,45.89231159185389,119.23454284667967,87.55952215901056,19505500,0.0014276276326087606,0.01989934268283776
2024-08-11,63.54730942803994,40.72087483331248,38.9046619307948,44.16143094632585,124.82730865478516,92.39343545797118,44568000,0.010730327619706182,0.026728620934289783
2024-08-18,66.00568797164492,42.33157882219948,45.4503672537362,47.79552716948763,126.62755584716795,93.94941672792955,13941400,0.0030991915887805996,0.033838381520598856
2024-08-25,61.31541234254289,41.66676960209905,40.78324978567716,48.51596877825083,128.5801544189453,95.6370776326588,11035200,0.00308691349460116,0.03243858993210958
2024-09-01,61.78841464415376,38.86245189349564,47.04639554242704,52.837974990720966,130.63601684570312,97.4139910716473,12143900,0.0032547064647410404,0.03182312876002556
2024-09-08,64.20762729656037,42.51594936115993,39.45384350764346,46.9236570254144,123.10725402832033,90.90676585314758,9596700,-0.014670725264841224,0.029216481975332276
2024-09-15,66.07578589100208,43.19977823549668,43.35616140640098,46.27761989662872,128.6083221435547,95.66142342922215,12603800,0.00895618985348692,0.01681311712423522
2024-09-22,68.00303082153734,43.32188076412102,38.99117529735358,45.998857292722775,119.69961547851562,87.9614915704163,20484200,-0.013871031117985882,0.0177930604659189
2024-09-29,71.85157094698337,44.58819448024696,51.005538774373,44.47167895066724,113.36306762695312,82.48471603928708,29012400,-0.01062599833981886,0.02246306677468862
2024-10-06,70.35468872991787,44.31945053666316,37.76692734004823,46.66210280059292,108.06854248046876,77.90857672013655,27420400,-0.00950672219880396,0.0220032134967042
2024-10-13,67.65911522738432,43.795579621998726,43.848982609961226,44.87592048089931,112.68717193603516,81.90052902321294,19051800,0.00847182954944046,0.021261133679077178
2024-10-20,68.44011654331507,42.96314131414995,45.237186045668345,46.38298108123379,110.85660552978516,80.3183423915149,15301700,-0.00324706489782368,0.01928653953192386
2024-10-27,65.84882481564394,40.00844418110951,44.449653664632784,49.94586420035736,106.4351043701172,76.49677109916558,20235500,-0.008099667546896661,0.012771883275137499
2024-11-03,69.16113463690013,44.417135835029775,42.14568539220279,43.08891733880311,105.08332824707033,75.32841025542282,37718600,-0.0025214305780384026,0.01026073650737978
2024-11-10,68.71197265622253,44.20144815726282,42.45993198166676,49.64365415913771,100.63365173339844,71.48248657230735,38449700,-0.0083715741478998,0.01218674433672182
2024-11-17,70.90839217488858,44.55804388104821,43.246839421403735,50.29083711887872,95.50809478759766,67.05238906152329,25777700,-0.01024858699034804,0.0140069611534961
2024-11-24,67.8218449768944,41.69084251628656,42.57596427986018,46.10075977699443,98.6247329711914,69.7461472628569,34411800,0.0067212280754592405,0.01792997071130552
2024-12-01,72.22589205673766,42.31232008592925,47.11186750644061,40.204874102050425,100.25817108154295,71.15795288382783,17821700,0.004142329265645801,0.02011523608445475
2024-12-08,75.63139735227038,46.81147240977906,52.19082179851321,44.86244627890146,103.9849853515625,74.37909563872289,24222700,0.0073646305475849605,0.0197671314137553
2024-12-15,71.07324165992627,44.85742996931628,41.2111414050033,50.69236932097663,100.3989715576172,71.27964889563097,25977500,-0.006836137067341821,0.0180840691885998
2024-12-22,72.97201215641357,46.53155528324004,38.054275379605166,46.8482549355052,79.79348754882812,53.47001291243812,73630100,-0.04222296076596778,0.022208727543925243
2024-12-29,74.20567724285571,45.4578442897698,43.27273785740329,44.03442586662566,82.018310546875,55.39296156559034,36128100,0.00713795109157485,0.04276600452106288
2025-01-05,71.3009655224562,45.6940135030633,54.03708215431242,45.63348124093428,82.28115844726562,55.620145038830124,18651700,0.0008837834640974995,0.04241632773426093
2025-01-12,73.547299446722,47.74500256013562,40.59592528470306,49.78513952524114,80.97630310058594,54.49233854201716,36234700,-0.0037323789912840745,0.04276207587622648
2025-01-19,73.28420765959888,45.07091925340957,50.45946953124509,49.01895359144017,73.86998748779297,48.35024092414323,57716500,-0.01782968871171358,0.043310421955008914
2025-01-26,73.91188060164845,46.53046406293583,50.70618431866143,46.77743003043549,82.58155822753906,55.87978517801923,47865900,0.0288371016778382,0.04130679860787095
2025-02-02,71.67325819596971,45.64952576840219,41.87340684841051,46.50922653360905,79.27716827392578,53.023750241141755,39584200,-0.008039229938292859,0.029114175832311302
2025-02-09,74.44026670463283,45.94157776525494,46.45607088487043,46.54989876303019,81.12650299072266,54.62215861161172,48716600,0.00483158761951416,0.02979280952620652
2025-02-16,76.23619308269795,46.42935988503847,50.78610381353032,45.0734160977747,73.10021209716797,47.68491224319578,41713900,-0.02054499268844676,0.02967247377275022
2025-02-23,79.47210445223801,47.7297456246482,42.84838510995306,52.80224716078708,82.684814453125,55.96903111807576,34804200,0.0315438030600623,0.03049223114617165
2025-03-02,78.37397491978552,46.56639482500772,43.64295338638039,47.10463212585328,85.09739685058594,58.05426310097462,42246300,0.00588408759760242,0.0266934645840859
2025-03-09,82.3342120195273,50.27445834398449,42.2229299238821,51.838542537072335,81.83055877685547,55.230684830046464,28755300,-0.00751262162606448,0.026136841621609418
2025-03-16,73.9521375565769,46.21342555045008,40.58300540979205,52.86648857147174,72.42432403564453,47.1007318213244,45629200,-0.02322627258013468,0.03374106994169244
2025-03-23,79.25167114643723,47.86923096616688,42.13730090518632,51.412946551256816,72.1520767211914,46.865424290293156,29065800,-0.00047269575702904023,0.033090045557349526
2025-03-30,77.5662776373101,47.60448627509062,39.93102877128816,47.23862635976733,65.05516052246094,40.73145073021069,38398900,-0.02048494771251494,0.02928564142810334
2025-04-06,83.96821619635362,51.619518335044695,45.055502464260925,49.86015101003985,59.66481018066406,36.072488224484864,40069100,-0.01671333247815488,0.028897309673570997
2025-04-13,75.35748171002642,49.36092633160749,41.93165441987628,48.69184736096582,61.7442626953125,37.86979093838506,57271800,0.007984776967785158,0.029185458846508222
2025-04-20,75.64779360172653,51.2744001073176,46.03906974416068,46.16880203905673,55.4010009765625,32.38721250883334,52536100,-0.026130093912545678,0.03251724746721307
2025-04-27,76.75437714689949,46.48312456965125,38.97272226507002,49.96845890752047,59.216495513916016,35.685002979425654,49972200,0.0135015909482925,0.0357693635979891
2025-05-04,72.56747725805052,50.23252017235743,46.61220453162919,45.5737351299848,66.03669738769531,41.57980810276511,56352700,0.022320368030158837,0.037522082027350016
2025-05-11,77.74952210647177,51.72249559430838,48.715178202093895,52.78936610995744,62.73628234863281,38.727208745521835,58637500,-0.009861755647535098,0.03724807776018092
2025-05-18,77.43802532017278,50.35325638160382,37.49849853825921,47.94794949378611,61.4008674621582,37.572989169582485,66880100,-0.003924511454499999,0.03223492225768288
2025-05-25,80.55625419036804,52.56574359072402,47.06204614082216,50.06075379440836,64.243408203125,40.02984074571729,46437500,0.009261246587877959,0.027526617519184598
2025-06-01,81.52100367716213,49.646940415481765,50.56887458421188,50.42261188253681,68.20198822021484,43.45130219183716,37302800,0.015416031239223426,0.028770076620121626
2025-06-08,86.51592457915527,53.74758670869175,40.91201329244072,48.911506787894695,71.18760681152344,46.03181814929677,47188000,0.008779140727086781,0.02672736003991518
2025-06-15,84.13137328052842,55.774702625746045,52.5332456674432,51.5637765545413,76.14775848388672,50.318953344399944,51228500,0.013851820808300403,0.02418205684166784
2025-06-22,79.94309389623143,50.69988384536404,47.61141091044339,48.49445762135644,70.36727905273438,45.32279628090921,29937200,-0.019419467401750223,0.025092180745726025
2025-06-29,79.37327733920765,50.78385054872649,43.207666202832414,52.648533924704296,65.34989929199219,40.986197970957214,50243700,-0.014207993403405481,0.02821495186494032
2025-07-06,83.94000875059203,54.83155920859699,45.89701606812206,46.11217643270086,65.97946166992188,41.530338393713535,26445300,0.00243136121773695,0.0266377135671652
2025-07-13,78.9002948906161,55.33450924620544,48.44577878172662,50.64472765318889,65.75053405761719,41.33247274591274,35456900,-0.0005695548382341202,0.024621044315823497
2025-07-20,88.75312747763229,51.38085963836877,46.60887145017621,56.197849352833046,61.3436279296875,37.523516163429534,35970800,-0.01371916766344386,0.0210187547055219
2025-07-27,87.19584160341,51.83806083396375,48.55225260719887,47.49554182295002,68.39275360107422,43.6161836374684,46742600,0.02210260558355876,0.02039893070018194
2025-08-03,82.64977773889467,52.36736006346348,42.806913017982765,48.57877432630074,45.96718215942383,24.233418160058513,268917900,-0.07275516450718682,0.04676224806229774
2025-08-10,79.3186979546845,50.49516310969384,47.25942943933138,52.26920622796058,48.723880767822266,26.616075063920082,143786400,0.012677223172854463,0.05651858834981662
2025-08-17,88.92152890398741,51.60053512692076,41.019506908453984,51.38170146591117,49.99253082275391,27.712588771569603,76785800,0.00532875791533166,0.05986402052950838
2025-08-24,84.91911587805309,51.68397241206067,46.32183940356594,52.0103198590216,54.96419525146485,32.00967461862676,103336100,0.0192591490493706,0.0607579990855984
2025-08-31,89.3800213748368,52.41171377858105,43.243491835988415,52.54146439275246,54.46259307861328,31.57613216444056,59411200,-0.0017426820957666602,0.04284602775183264
2025-09-07,81.28813988042448,54.133634134789126,44.00938138437535,53.09354084910332,53.27610778808594,30.55063472333742,45031500,-0.005453926633369599,0.0262525486944462
2025-09-14,84.67916159862315,54.92776841295797,51.98825260846299,54.633949410395225,52.92884063720703,30.2504863966378,72193900,-0.0012666993125854998,0.01743002889452648
2025-09-21,86.89989497010166,57.81731500938422,51.50149914288516,52.64977929642064,59.22782897949219,35.69479866761496,85193800,0.0229994788644153,0.0171925769934731
2025-09-28,87.43299624848963,52.97722105569847,49.66518989702363,50.81202380288802,53.64266586303711,30.86745649169752,69512900,-0.01951688132664758,0.02016148985599052
2025-10-05,86.3507620417917,57.200829085098064,42.95176510759144,53.66899131146039,57.52044677734375,34.21908203356377,90497300,0.01440885825081322,0.023927681611214703
2025-10-12,89.97942563509166,55.06310178821162,46.14776112038939,57.46638945364639,54.91596603393555,31.967989365924872,57233600,-0.00913075306658222,0.025572240439573662
2025-10-19,85.31894532450681,55.65168728342436,52.35816447197216,51.48431585092156,52.44652938842773,29.83361738411207,48058600,-0.00906193965436774,0.02537596466761476
2025-10-26,88.50661232498187,57.3604289506779,48.16502007950188,49.0741026171659,51.0864143371582,28.658049076760513,48328700,-0.005092837371799159,0.022714322301017758
2025-11-02,89.70759523535833,54.02616122438443,56.96784933775588,55.43440598014729,47.710235595703125,25.73996598908046,73038800,-0.013549889927014799,0.01873723588437502
2025-11-09,91.30399579536146,57.29788009859034,49.35618128829343,51.86749392153413,44.063961029052734,22.58843493554546,141499800,-0.01566416489934046,0.01441401375558358
2025-11-16,92.31050827320014,57.128060398910414,48.64348514956289,45.82610221646135,46.55268478393555,24.739477061917356,98175800,0.011591125768292621,0.02171504999660964
2025-11-23,87.21773510195386,58.042793924311546,46.7312015796796,55.00184932706327,45.94497680664063,24.214225732946467,81447800,-0.0024162040951430193,0.02341588342328424
2025-11-30,86.40632999658033,57.8996041354707,48.594209808505575,50.96907317885879,47.6041259765625,25.648253817194387,137396300,0.0097072100461633,0.02880841722148425
2025-12-07,95.25972749858812,62.49588261638553,47.54254559674111,52.41893133091662,46.166839599609375,24.405985148998155,68786800,-0.00604375327823654,0.029937650199061937
2025-12-14,92.84267698572248,56.57445789451866,51.07723840190448,53.80194561064469,48.404762268066406,26.34025604827695,70079200,0.00991521385847358,0.02884874363837318
2025-12-21,90.0203266497909,57.05323951702409,52.16399171521529,53.49297709938339,46.388702392578125,24.597744565049847,55074500,-0.008355895679404179,0.0273877925784484
2025-12-28,97.34030688849067,57.13488797573349,45.28560335889199,55.165306952571854,50.54622650146485,28.191156442151982,116179600,0.0221360187009029,0.027460235467173223
2026-01-04,93.45595296004991,57.536790429366654,43.19700813957951,51.84596583055375,50.53657913208008,28.18281807277105,51736400,0.00010858225636119993,0.025247056728433123
2026-01-11,97.0699120973968,57.64018608972716,41.26949721428427,54.80721577790007,56.72945785522461,33.53541817186213,127079300,0.023508765833446122,0.02675408846696084
2026-01-18,94.15868087025532,61.5608491207572,50.73866276723447,52.60473179172862,60.12493133544922,36.47017799830404,121697800,0.012552988886456359,0.02549865701435622
2026-01-25,100.0,62.29232030627258,44.38560978777564,55.71527670825142,60.057403564453125,36.411812709738925,109341900,0.00016333067267262411,0.03153049451949937
2026-02-01,100.0,58.57895501209355,40.279892593548034,55.46042115873662,57.32752227783203,34.05233442855348,77698100,-0.009001297517961141,0.030921352600833396
2026-02-08,94.48762797976106,58.32551228023256,50.53814813636866,50.923476041672224,45.954620361328125,24.222560805226014,224743500,-0.03981136393005165,0.0450913908172593
2026-02-15,98.57739173002383,61.203470403611206,59.0482105408628,57.103211937439646,47.81634140014648,25.83167486386515,80054400,0.00809843866758834,0.054029393869849104
2026-02-22,98.02797857066446,59.427249104222696,49.144307577858896,52.35284869468095,45.74240112304688,24.039136461453875,41764300,-0.01099337299569395,0.05009101365925892
2026-03-01,100.0,62.06925476779079,52.614933074711885,56.50038586597508,36.125118255615234,15.726771319082228,257777400,-0.04406638692811486,0.056728127706617726
2026-03-08,94.05846420802229,61.48157315102635,49.68066616398241,55.293547852444206,37.21514129638672,16.66889495768022,120361500,0.006320175847837221,0.05442785098181228
2026-03-15,99.44360099286328,58.31721489392213,49.050168869914415,59.8217103837341,36.61707305908203,16.1519754038875,86568400,-0.00302795690269548,0.041824086369245415
2026-03-22,100.0,64.71732957871845,53.2144121675169,53.75223484734172,35.23766326904297,14.959730357774076,97465700,-0.00755371456774132,0.04029537060658482
2026-03-29,92.97669237816643,65.48833061193997,48.46938681169805,53.49015584721123,34.76499938964844,14.55119971462928,82895200,-0.0026607478364786205,0.0238028602872431
2026-04-05,95.13838750090096,60.945894012019615,50.79243299762711,54.59532085901117,36.97999954223633,16.465658331737263,75159400,0.015708023713362926,0.0200005873770778
2026-04-12,93.00673209986616,61.67160443790476,51.10203371901038,53.859513769280085,37.52000045776367,16.932389408378352,61966500,0.00294874072224932,0.016465245318591098
2026-04-19,98.75348711684671,63.294914541563735,47.23525943254097,57.28435226471761,40.52000045776367,19.525335438027007,81188700,0.015671882077225103,0.016812256308677262
2026-04-26,100.0,63.66891357997405,53.96816939814609,50.15106817469024,41.16999816894531,20.087138432856726,90417900,0.003733790612668199,0.01843060109692986
